{"icon_url":"https://lh3.googleusercontent.com/8kGPFycOfRelh4bkDazj0949Ah_0TEAX_NWK6AltqYVD5LyWRFbetpLks5njzBuwObMT4-MQSQ\u003dw128-h128-e365","localized_description":"Преобразование текущей веб-страницы в файл Adobe PDF (только для Windows)","manifest":"{\n\"update_url\": \"https://clients2.google.com/service/update2/crx\",\n\r\n    \"name\": \"__MSG_web2pdfExtnName__\",\r\n    \"description\": \"__MSG_web2pdfExtnDescription__\",\r\n    \"version\": \"15.1.2.0\",\r\n    \"options_page\": \"data/js/options.html\",\r\n    \"default_locale\": \"en\",\r\n    \"permissions\": [\"contextMenus\", \"http://*/*\", \"https://*/*\", \"tabs\", \"downloads\", \"nativeMessaging\"],\r\n    \"background\": {\r\n        \"scripts\": [ \"lib/libs/require-2.1.15.js\", \"main.js\", \"lib/settings.js\", \"lib/ch-context-menu.js\"]\r\n    },\r\n\t\"externally_connectable\": {\r\n    \"ids\": [\r\n      \"bngnhmnppadfcmpggglniifohlkmddfc\"\r\n    ]\r\n\t},\r\n\t\r\n    \"icons\": {\r\n        \"16\":  \"data/images/acrobat_dc_appicon_16.png\",\r\n        \"48\":  \"data/images/acrobat_dc_appicon_48.png\",\r\n        \"128\": \"data/images/acrobat_dc_appicon_128.png\"\r\n    },\r\n    \"browser_action\": {\r\n        \"default_title\": \"__MSG_web2pdfConvertButtonToolTip__\",\r\n        \"default_icon\": \"data/images/acrobat_dc_appicon_20x19_translucent.png\"\r\n    },\r\n    \"content_scripts\": [\r\n        {\r\n          \"matches\": [\"http://*/*\", \"https://*/*\"],\r\n          \"js\": [\"data/js/libs/jquery-3.1.1.min.js\", \"data/js/ch-content-script.js\"],\r\n          \"run_at\": \"document_end\"\r\n        }\r\n    ],\r\n    \"minimum_chrome_version\": \"41.0\",\r\n    \"manifest_version\": 2,\r\n    \"web_accessible_resources\": [\"data/js/frame.html\", \"data/js/frameUI.html\", \"data/js/extn-utils.html\"]\r\n}\r\n","average_rating":3.5211665930181177,"family_unsafe":false,"id":"efaidnbmnnnibpcajpcglclefindmkaj","inline_install_not_supported":true,"users":"10 000 000+","redirect_url":"https://chrome.google.com/webstore/detail/adobe-acrobat/efaidnbmnnnibpcajpcglclefindmkaj?utm_source\u003dinline-install-disabled","rating_count":11315,"localized_name":"Adobe Acrobat"}