{
  "FilterHeaders": [
    {
      "Header": "user-agent",
      "IncludeInScript": false
    },
    {
      "Header": "if-none-match",
      "IncludeInScript": false
    },
    {
      "Header": "if-modified-since",
      "IncludeInScript": false
    },
    {
      "Header": "cache-control",
      "IncludeInScript": false
    },
    {
      "Header": "accept-language",
      "IncludeInScript": false
    },
    {
      "Header": "accept-encoding",
      "IncludeInScript": false
    },
    {
      "Header": "accept",
      "IncludeInScript": false
    }
  ],
  "FilterResources": [
    {
      "IsNonResource": true,
      "type": "text/html"
    },
    {
      "IsNonResource": false,
      "type": "image/png"
    },
    {
      "IsNonResource": false,
      "type": "image/gif"
    },
    {
      "IsNonResource": false,
      "type": "application/javascript"
    }
  ],
  "GeneralInfo": {
    "BrowserVersion": "",
    "MaxUsedConnections": 9,
    "RecordedBrowser": "Internet Explorer",
<<<<<<< HEAD
    "RecordingDate": "Р С‘РЎР‹Р В»-07-2020",
=======
    "RecordingDate": "РёСЋР»-07-2020",
>>>>>>> 387897bf765c140329932ee8bde673a768297fe0
    "RecordingDuration": 79656,
    "RecordingTimeStamp": 1594161088,
    "TotalBytesReceived": 33904,
    "TotalBytesSent": 9666,
    "TotalRequests": 23
  },
  "HostInfo": [
    {
      "DomainName": "localhost",
      "Domains": [
        {
          "HTTPVersion": "HTTP/1.1",
          "IP": "[::1]",
          "IncludeInScript": true,
          "Name": "localhost",
          "Port": 80,
          "Requests": [
            {
              "CompressionType": "",
              "DataType": "text/html",
              "DownloadTime": 47,
              "EventId": 4018,
              "HttpStatus": 200,
              "Size": 1490,
              "URL": "http://localhost/cgi-bin/nav.pl?in=home"
            },
            {
              "CompressionType": "",
              "DataType": "",
              "DownloadTime": 0,
              "EventId": 4016,
              "HttpStatus": 304,
              "Size": 0,
              "URL": "http://localhost/WebTours/home.html"
            },
            {
              "CompressionType": "",
              "DataType": "text/html",
              "DownloadTime": 31,
              "EventId": 4013,
              "HttpStatus": 200,
              "Size": 686,
              "URL": "http://localhost/cgi-bin/welcome.pl?signOff=1"
            },
            {
              "CompressionType": "",
              "DataType": "image/gif",
              "DownloadTime": 47,
              "EventId": 4011,
              "HttpStatus": 200,
              "Size": 726,
              "URL": "http://localhost/WebTours/images/flights.gif"
            },
            {
              "CompressionType": "",
              "DataType": "image/gif",
              "DownloadTime": 16,
              "EventId": 4009,
              "HttpStatus": 200,
              "Size": 733,
              "URL": "http://localhost/WebTours/images/itinerary.gif"
            },
            {
              "CompressionType": "",
              "DataType": "text/html",
              "DownloadTime": 31,
              "EventId": 4007,
              "HttpStatus": 200,
              "Size": 919,
              "URL": "http://localhost/cgi-bin/login.pl?intro=true"
            },
            {
              "CompressionType": "",
              "DataType": "image/gif",
              "DownloadTime": 0,
              "EventId": 4005,
              "HttpStatus": 200,
              "Size": 688,
              "URL": "http://localhost/WebTours/images/in_home.gif"
            },
            {
              "CompressionType": "",
              "DataType": "image/gif",
              "DownloadTime": 0,
              "EventId": 4003,
              "HttpStatus": 200,
              "Size": 751,
              "URL": "http://localhost/WebTours/images/signoff.gif"
            },
            {
              "CompressionType": "",
              "DataType": "text/html",
              "DownloadTime": 47,
              "EventId": 3994,
              "HttpStatus": 200,
              "Size": 1482,
              "URL": "http://localhost/cgi-bin/nav.pl?page=menu&in=home"
            },
            {
              "CompressionType": "",
              "DataType": "text/html",
              "DownloadTime": 31,
              "EventId": 3989,
              "HttpStatus": 200,
              "Size": 596,
              "URL": "http://localhost/cgi-bin/welcome.pl?page=menus"
            },
            {
              "CompressionType": "",
              "DataType": "text/html",
              "DownloadTime": 31,
              "EventId": 3985,
              "HttpStatus": 200,
              "Size": 1078,
              "URL": "http://localhost/cgi-bin/login.pl"
            },
            {
              "CompressionType": "",
              "DataType": "image/gif",
              "DownloadTime": 15,
              "EventId": 3970,
              "HttpStatus": 200,
              "Size": 758,
              "URL": "http://localhost/WebTours/images/button_next.gif"
            },
            {
              "CompressionType": "",
              "DataType": "application/javascript",
              "DownloadTime": 31,
              "EventId": 3968,
              "HttpStatus": 200,
              "Size": 11288,
              "URL": "http://localhost/WebTours/profileValidate.js"
            },
            {
              "CompressionType": "",
              "DataType": "text/html",
              "DownloadTime": 47,
              "EventId": 3963,
              "HttpStatus": 200,
              "Size": 2429,
              "URL": "http://localhost/cgi-bin/login.pl?username=&password=&getInfo=true"
            },
            {
              "CompressionType": "",
              "DataType": "text/html",
              "DownloadTime": 0,
              "EventId": 3956,
              "HttpStatus": 404,
              "Size": 209,
              "URL": "http://localhost/favicon.ico"
            },
            {
              "CompressionType": "",
              "DataType": "image/gif",
              "DownloadTime": 31,
              "EventId": 3954,
              "HttpStatus": 200,
              "Size": 679,
              "URL": "http://localhost/WebTours/images/mer_login.gif"
            },
            {
              "CompressionType": "",
              "DataType": "text/html",
              "DownloadTime": 63,
              "EventId": 3951,
              "HttpStatus": 200,
              "Size": 1481,
              "URL": "http://localhost/cgi-bin/nav.pl?in=home"
            },
            {
              "CompressionType": "",
              "DataType": "text/html",
              "DownloadTime": 16,
              "EventId": 3949,
              "HttpStatus": 200,
              "Size": 1361,
              "URL": "http://localhost/WebTours/home.html"
            },
            {
              "CompressionType": "",
              "DataType": "text/html",
              "DownloadTime": 47,
              "EventId": 3946,
              "HttpStatus": 200,
              "Size": 686,
              "URL": "http://localhost/cgi-bin/welcome.pl?signOff=true"
            },
            {
              "CompressionType": "",
              "DataType": "image/png",
              "DownloadTime": 0,
              "EventId": 3943,
              "HttpStatus": 200,
              "Size": 4187,
              "URL": "http://localhost/WebTours/images/webtours.png"
            },
            {
              "CompressionType": "",
              "DataType": "image/png",
              "DownloadTime": 16,
              "EventId": 3940,
              "HttpStatus": 200,
              "Size": 601,
              "URL": "http://localhost/WebTours/images/hp_logo.png"
            },
            {
              "CompressionType": "",
              "DataType": "text/html",
              "DownloadTime": 0,
              "EventId": 3936,
              "HttpStatus": 200,
              "Size": 710,
              "URL": "http://localhost/WebTours/header.html"
            },
            {
              "CompressionType": "",
              "DataType": "text/html",
              "DownloadTime": 15,
              "EventId": 3934,
              "HttpStatus": 200,
              "Size": 366,
              "URL": "http://localhost/WebTours/"
            }
          ],
          "SSLCipher": "None",
          "SSLVersion": "None"
        }
      ],
      "IncludeInScript": true
    }
  ],
  "WebSocket": {
    "IncludeInScript": false,
    "IsScriptIncludeWebSocket": false
  },
  "NumberOfCorrelations": 0
}