{
  "FilterHeaders": [
    {
      "Header": "user-agent",
      "IncludeInScript": false
    },
    {
      "Header": "origin",
      "IncludeInScript": true
    },
    {
      "Header": "cache-control",
      "IncludeInScript": false
    },
    {
      "Header": "accept-language",
      "IncludeInScript": false
    },
    {
      "Header": "accept-encoding",
      "IncludeInScript": false
    },
    {
      "Header": "accept",
      "IncludeInScript": false
    }
  ],
  "FilterResources": [
    {
      "IsNonResource": false,
      "type": "text/javascript"
    },
    {
      "IsNonResource": false,
      "type": "application/javascript"
    },
    {
      "IsNonResource": false,
      "type": "application/font-woff"
    }
  ],
  "GeneralInfo": {
    "BrowserVersion": "",
    "MaxUsedConnections": 4,
    "RecordedBrowser": "Internet Explorer",
    "RecordingDate": "июл-07-2020",
    "RecordingDuration": 34859,
    "RecordingTimeStamp": 1594161088,
    "TotalBytesReceived": 148552,
    "TotalBytesSent": 1895,
    "TotalRequests": 4
  },
  "HostInfo": [
    {
      "DomainName": "suggest.yandex.ru",
      "Domains": [
        {
          "HTTPVersion": "HTTP/1.1",
          "IP": "213.180.204.63",
          "IncludeInScript": true,
          "Name": "suggest.yandex.ru",
          "Port": 443,
          "Requests": [
            {
              "CompressionType": "gzip",
              "DataType": "",
              "DownloadTime": 31,
              "EventId": 208,
              "HttpStatus": 400,
              "Size": 20,
              "URL": "https://suggest.yandex.ru/suggest-ff.cgi"
            }
          ],
          "SSLCipher": "ECDHE-RSA-AES128-SHA",
          "SSLVersion": "TLS1.1"
        }
      ],
      "IncludeInScript": true
    },
    {
      "DomainName": "akamaized.net",
      "Domains": [
        {
          "HTTPVersion": "HTTP/1.1",
          "IP": "2.20.254.169",
          "IncludeInScript": true,
          "Name": "static-spartan-neu-s-msn-com.akamaized.net",
          "Port": 443,
          "Requests": [
            {
              "CompressionType": "",
              "DataType": "application/font-woff",
              "DownloadTime": 125,
              "EventId": 2511,
              "HttpStatus": 200,
              "Size": 45633,
              "URL": "https://static-spartan-neu-s-msn-com.akamaized.net/sc/ea/4996b9.woff"
            },
            {
              "CompressionType": "gzip",
              "DataType": "text/javascript",
              "DownloadTime": 47,
              "EventId": 2502,
              "HttpStatus": 200,
              "Size": 72738,
              "URL": "https://static-spartan-neu-s-msn-com.akamaized.net/spartan/ru-ru/_ssc/js/b5dff51-e73237b/kernel-5c9b3d8d.js?ver=20200627_24748888&fdhead=1s-bing-news,bbh20200521msn,msnallexpusers,powert,testtreattest,vebudumu04302020"
            }
          ],
          "SSLCipher": "ECDHE-RSA-AES128-SHA",
          "SSLVersion": "TLS1.1"
        }
      ],
      "IncludeInScript": true
    },
    {
      "DomainName": "adnxs.com",
      "Domains": [
        {
          "HTTPVersion": "HTTP/1.1",
          "IP": "151.101.85.108",
          "IncludeInScript": true,
          "Name": "acdn.adnxs.com",
          "Port": 443,
          "Requests": [
            {
              "CompressionType": "gzip",
              "DataType": "application/javascript",
              "DownloadTime": 93,
              "EventId": 880,
              "HttpStatus": 200,
              "Size": 30161,
              "URL": "https://acdn.adnxs.com/ast/ast.js"
            }
          ],
          "SSLCipher": "ECDHE-RSA-AES128-SHA",
          "SSLVersion": "TLS1.1"
        }
      ],
      "IncludeInScript": true
    }
  ],
  "WebSocket": {
    "IncludeInScript": false,
    "IsScriptIncludeWebSocket": false
  },
  "NumberOfCorrelations": 0
}