{
  "FilterHeaders": [
    {
      "Header": "user-agent",
      "IncludeInScript": false
    },
    {
      "Header": "if-none-match",
      "IncludeInScript": false
    },
    {
      "Header": "if-modified-since",
      "IncludeInScript": false
    },
    {
      "Header": "cache-control",
      "IncludeInScript": false
    },
    {
      "Header": "accept-language",
      "IncludeInScript": false
    },
    {
      "Header": "accept-encoding",
      "IncludeInScript": false
    },
    {
      "Header": "accept",
      "IncludeInScript": false
    }
  ],
  "FilterResources": [
    {
      "IsNonResource": true,
      "type": "text/html"
    },
    {
      "IsNonResource": false,
      "type": "image/png"
    },
    {
      "IsNonResource": false,
      "type": "image/gif"
    }
  ],
  "GeneralInfo": {
    "BrowserVersion": "",
    "MaxUsedConnections": 8,
    "RecordedBrowser": "Internet Explorer",
    "RecordingDate": "Р В Р’В Р вЂ™Р’В Р В РІР‚в„ўР вЂ™Р’В Р В Р’В Р Р†Р вЂљРІвЂћСћР В РІР‚в„ўР вЂ™Р’В Р В Р’В Р вЂ™Р’В Р В Р вЂ Р В РІР‚С™Р Р†РІР‚С›РЎС›Р В Р’В Р Р†Р вЂљРІвЂћСћР В РІР‚в„ўР вЂ™Р’В Р В Р’В Р вЂ™Р’В Р В РІР‚в„ўР вЂ™Р’В Р В Р’В Р вЂ™Р’В Р В Р’В Р Р†Р вЂљРІвЂћвЂ“Р В Р’В Р вЂ™Р’В Р В Р’В Р Р†Р вЂљР’В Р В Р’В Р вЂ™Р’В Р В Р вЂ Р В РІР‚С™Р РЋРІвЂћСћР В Р’В Р Р†Р вЂљРІвЂћСћР В РІР‚в„ўР вЂ™Р’ВР В Р’В Р вЂ™Р’В Р В РІР‚в„ўР вЂ™Р’В Р В Р’В Р Р†Р вЂљРІвЂћСћР В РІР‚в„ўР вЂ™Р’В Р В Р’В Р вЂ™Р’В Р В РІР‚в„ўР вЂ™Р’В Р В Р’В Р вЂ™Р’В Р В Р вЂ Р В РІР‚С™Р Р†РІР‚С›РІР‚вЂњР В Р’В Р вЂ™Р’В Р В РІР‚в„ўР вЂ™Р’В Р В Р’В Р Р†Р вЂљРІвЂћСћР В РІР‚в„ўР вЂ™Р’В Р В Р’В Р вЂ™Р’В Р В Р’В Р Р†Р вЂљР’В Р В Р’В Р вЂ™Р’В Р В Р вЂ Р В РІР‚С™Р РЋРІвЂћСћР В Р’В Р В РІР‚В Р В Р вЂ Р В РІР‚С™Р РЋРІР‚С”Р В Р вЂ Р В РІР‚С™Р Р†Р вЂљРЎС™Р В Р’В Р вЂ™Р’В Р В РІР‚в„ўР вЂ™Р’В Р В Р’В Р Р†Р вЂљРІвЂћСћР В РІР‚в„ўР вЂ™Р’В Р В Р’В Р вЂ™Р’В Р В Р вЂ Р В РІР‚С™Р Р†РІР‚С›РЎС›Р В Р’В Р Р†Р вЂљРІвЂћСћР В РІР‚в„ўР вЂ™Р’В Р В Р’В Р вЂ™Р’В Р В РІР‚в„ўР вЂ™Р’В Р В Р’В Р В РІР‚В Р В Р’В Р Р†Р вЂљРЎв„ўР В Р вЂ Р Р†Р вЂљРЎвЂєР РЋРЎвЂєР В Р’В Р вЂ™Р’В Р В Р вЂ Р В РІР‚С™Р Р†РІР‚С›РЎС›Р В Р’В Р Р†Р вЂљРІвЂћСћР В РІР‚в„ўР вЂ™Р’В»-08-2020",
    "RecordingDuration": 44891,
    "RecordingTimeStamp": 1594225713,
    "TotalBytesReceived": 40293,
    "TotalBytesSent": 16579,
    "TotalRequests": 34
  },
  "HostInfo": [
    {
      "DomainName": "localhost",
      "Domains": [
        {
          "HTTPVersion": "HTTP/1.1",
          "IP": "[::1]",
          "IncludeInScript": true,
          "Name": "localhost",
          "Port": 80,
          "Requests": [
            {
              "CompressionType": "",
              "DataType": "",
              "DownloadTime": 16,
              "EventId": 117,
              "HttpStatus": 304,
              "Size": 0,
              "URL": "http://localhost/WebTours/home.html"
            },
            {
              "CompressionType": "",
              "DataType": "text/html",
              "DownloadTime": 47,
              "EventId": 114,
              "HttpStatus": 200,
              "Size": 1490,
              "URL": "http://localhost/cgi-bin/nav.pl?in=home"
            },
            {
              "CompressionType": "",
              "DataType": "text/html",
              "DownloadTime": 31,
              "EventId": 109,
              "HttpStatus": 200,
              "Size": 686,
              "URL": "http://localhost/cgi-bin/welcome.pl?signOff=1"
            },
            {
              "CompressionType": "",
              "DataType": "text/html",
              "DownloadTime": 0,
              "EventId": 107,
              "HttpStatus": 403,
              "Size": 219,
              "URL": "http://localhost/WebTours/classes/"
            },
            {
              "CompressionType": "",
              "DataType": "text/html",
              "DownloadTime": 0,
              "EventId": 105,
              "HttpStatus": 403,
              "Size": 219,
              "URL": "http://localhost/WebTours/classes/"
            },
            {
              "CompressionType": "",
              "DataType": "text/html",
              "DownloadTime": 46,
              "EventId": 102,
              "HttpStatus": 200,
              "Size": 4246,
              "URL": "http://localhost/cgi-bin/reservations.pl"
            },
            {
              "CompressionType": "",
              "DataType": "image/gif",
              "DownloadTime": 46,
              "EventId": 100,
              "HttpStatus": 200,
              "Size": 806,
              "URL": "http://localhost/WebTours/images/bookanother.gif"
            },
            {
              "CompressionType": "",
              "DataType": "text/html",
              "DownloadTime": 31,
              "EventId": 97,
              "HttpStatus": 200,
              "Size": 2459,
              "URL": "http://localhost/cgi-bin/reservations.pl"
            },
            {
              "CompressionType": "",
              "DataType": "text/html",
              "DownloadTime": 47,
              "EventId": 94,
              "HttpStatus": 200,
              "Size": 2713,
              "URL": "http://localhost/cgi-bin/reservations.pl"
            },
            {
              "CompressionType": "",
              "DataType": "text/html",
              "DownloadTime": 47,
              "EventId": 87,
              "HttpStatus": 200,
              "Size": 2438,
              "URL": "http://localhost/cgi-bin/reservations.pl"
            },
            {
              "CompressionType": "",
              "DataType": "text/html",
              "DownloadTime": 16,
              "EventId": 76,
              "HttpStatus": 403,
              "Size": 219,
              "URL": "http://localhost/WebTours/classes/"
            },
            {
              "CompressionType": "",
              "DataType": "text/html",
              "DownloadTime": 0,
              "EventId": 74,
              "HttpStatus": 403,
              "Size": 219,
              "URL": "http://localhost/WebTours/classes/"
            },
            {
              "CompressionType": "",
              "DataType": "image/gif",
              "DownloadTime": 31,
              "EventId": 72,
              "HttpStatus": 200,
              "Size": 726,
              "URL": "http://localhost/WebTours/images/in_flights.gif"
            },
            {
              "CompressionType": "",
              "DataType": "image/gif",
              "DownloadTime": 31,
              "EventId": 70,
              "HttpStatus": 200,
              "Size": 688,
              "URL": "http://localhost/WebTours/images/home.gif"
            },
            {
              "CompressionType": "",
              "DataType": "image/gif",
              "DownloadTime": 16,
              "EventId": 68,
              "HttpStatus": 200,
              "Size": 758,
              "URL": "http://localhost/WebTours/images/button_next.gif"
            },
            {
              "CompressionType": "",
              "DataType": "text/html",
              "DownloadTime": 47,
              "EventId": 66,
              "HttpStatus": 200,
              "Size": 4246,
              "URL": "http://localhost/cgi-bin/reservations.pl?page=welcome"
            },
            {
              "CompressionType": "",
              "DataType": "text/html",
              "DownloadTime": 47,
              "EventId": 63,
              "HttpStatus": 200,
              "Size": 1482,
              "URL": "http://localhost/cgi-bin/nav.pl?page=menu&in=flights"
            },
            {
              "CompressionType": "",
              "DataType": "text/html",
              "DownloadTime": 31,
              "EventId": 60,
              "HttpStatus": 200,
              "Size": 616,
              "URL": "http://localhost/cgi-bin/welcome.pl?page=search"
            },
            {
              "CompressionType": "",
              "DataType": "image/gif",
              "DownloadTime": 32,
              "EventId": 58,
              "HttpStatus": 200,
              "Size": 726,
              "URL": "http://localhost/WebTours/images/flights.gif"
            },
            {
              "CompressionType": "",
              "DataType": "image/gif",
              "DownloadTime": 16,
              "EventId": 56,
              "HttpStatus": 200,
              "Size": 733,
              "URL": "http://localhost/WebTours/images/itinerary.gif"
            },
            {
              "CompressionType": "",
              "DataType": "image/gif",
              "DownloadTime": 0,
              "EventId": 53,
              "HttpStatus": 200,
              "Size": 751,
              "URL": "http://localhost/WebTours/images/signoff.gif"
            },
            {
              "CompressionType": "",
              "DataType": "image/gif",
              "DownloadTime": 0,
              "EventId": 50,
              "HttpStatus": 200,
              "Size": 688,
              "URL": "http://localhost/WebTours/images/in_home.gif"
            },
            {
              "CompressionType": "",
              "DataType": "text/html",
              "DownloadTime": 47,
              "EventId": 47,
              "HttpStatus": 200,
              "Size": 1482,
              "URL": "http://localhost/cgi-bin/nav.pl?page=menu&in=home"
            },
            {
              "CompressionType": "",
              "DataType": "text/html",
              "DownloadTime": 31,
              "EventId": 44,
              "HttpStatus": 200,
              "Size": 919,
              "URL": "http://localhost/cgi-bin/login.pl?intro=true"
            },
            {
              "CompressionType": "",
              "DataType": "text/html",
              "DownloadTime": 32,
              "EventId": 41,
              "HttpStatus": 200,
              "Size": 481,
              "URL": "http://localhost/cgi-bin/login.pl"
            },
            {
              "CompressionType": "",
              "DataType": "text/html",
              "DownloadTime": 0,
              "EventId": 30,
              "HttpStatus": 404,
              "Size": 209,
              "URL": "http://localhost/favicon.ico"
            },
            {
              "CompressionType": "",
              "DataType": "image/gif",
              "DownloadTime": 31,
              "EventId": 28,
              "HttpStatus": 200,
              "Size": 679,
              "URL": "http://localhost/WebTours/images/mer_login.gif"
            },
            {
              "CompressionType": "",
              "DataType": "text/html",
              "DownloadTime": 47,
              "EventId": 25,
              "HttpStatus": 200,
              "Size": 1484,
              "URL": "http://localhost/cgi-bin/nav.pl?in=home"
            },
            {
              "CompressionType": "",
              "DataType": "image/png",
              "DownloadTime": 15,
              "EventId": 23,
              "HttpStatus": 200,
              "Size": 4187,
              "URL": "http://localhost/WebTours/images/webtours.png"
            },
            {
              "CompressionType": "",
              "DataType": "image/png",
              "DownloadTime": 31,
              "EventId": 21,
              "HttpStatus": 200,
              "Size": 601,
              "URL": "http://localhost/WebTours/images/hp_logo.png"
            },
            {
              "CompressionType": "",
              "DataType": "text/html",
              "DownloadTime": 0,
              "EventId": 19,
              "HttpStatus": 200,
              "Size": 1361,
              "URL": "http://localhost/WebTours/home.html"
            },
            {
              "CompressionType": "",
              "DataType": "text/html",
              "DownloadTime": 31,
              "EventId": 12,
              "HttpStatus": 200,
              "Size": 686,
              "URL": "http://localhost/cgi-bin/welcome.pl?signOff=true"
            },
            {
              "CompressionType": "",
              "DataType": "text/html",
              "DownloadTime": 0,
              "EventId": 10,
              "HttpStatus": 200,
              "Size": 710,
              "URL": "http://localhost/WebTours/header.html"
            },
            {
              "CompressionType": "",
              "DataType": "text/html",
              "DownloadTime": 0,
              "EventId": 8,
              "HttpStatus": 200,
              "Size": 366,
              "URL": "http://localhost/WebTours/"
            }
          ],
          "SSLCipher": "None",
          "SSLVersion": "None"
        }
      ],
      "IncludeInScript": true
    }
  ],
  "WebSocket": {
    "IncludeInScript": false,
    "IsScriptIncludeWebSocket": false
  },
  "NumberOfCorrelations": 1
}